id,label,heuristicLabel,processType,stepCount,communities,entryPointId,terminalId
"proc_0_senddatacho","SendDataCho → DataCenter","SendDataCho → DataCenter","cross_community",8,"['comm_23','comm_168','comm_28','comm_17']","Method:src/com/langla/real/player/Session.java:Serivce.sendDataCho#3","Constructor:src/com/langla/data/DataCenter.java:DataCenter.DataCenter#0"
"proc_1_readarrdatagame","ReadArrDataGame → I","ReadArrDataGame → I","cross_community",6,"['comm_22','comm_66','comm_61','comm_57']","Method:src/com/langla/data/DataCenter.java:DataCenter.readArrDataGame#1","Method:src/com/langla/lib/Utlis.java:Utlis.i#1~int"
"proc_2_readarrdatagame","ReadArrDataGame → Write","ReadArrDataGame → Write","cross_community",6,"['comm_22','comm_66','comm_61','comm_57']","Method:src/com/langla/data/DataCenter.java:DataCenter.readArrDataGame#1","Method:src/com/langla/lib/Binary.java:Binary.write#3"
"proc_3_readarrdatagame","ReadArrDataGame → Close","ReadArrDataGame → Close","cross_community",6,"['comm_22','comm_66','comm_61','comm_57']","Method:src/com/langla/data/DataCenter.java:DataCenter.readArrDataGame#1","Method:src/com/langla/server/lib/Reader.java:Reader.close#0"
"proc_4_main","Main → LogError","Main → LogError","cross_community",6,"['comm_45','comm_17','comm_141','comm_23']","Method:src/com/langla/server/main/Main.java:Main.main#1","Method:src/com/langla/lib/Utlis.java:Utlis.logError#3"
"proc_5_main","Main → CreateNewEffectList","Main → CreateNewEffectList","cross_community",6,"['comm_45','comm_17','comm_141','comm_142']","Method:src/com/langla/server/main/Main.java:Main.main#1","Method:src/com/langla/real/map/Mob.java:Mob.createNewEffectList#0"
"proc_6_main","Main → GetIDMob","Main → GetIDMob","cross_community",6,"['comm_45','comm_17','comm_141','comm_142']","Method:src/com/langla/server/main/Main.java:Main.main#1","Method:src/com/langla/data/DataCache.java:DataCache.getIDMob#0"
"proc_7_gokhamngoc","GoKhamNgoc → DataCenter","GoKhamNgoc → DataCenter","cross_community",6,"['comm_28','comm_188','comm_168','comm_17']","Method:src/com/langla/real/player/Char.java:Char.goKhamNgoc#3","Constructor:src/com/langla/data/DataCenter.java:DataCenter.DataCenter#0"
"proc_8_buyshop","BuyShop → DataCenter","BuyShop → DataCenter","cross_community",6,"['comm_43','comm_28','comm_168','comm_17']","Method:src/com/langla/real/player/Char.java:Char.BuyShop#2","Constructor:src/com/langla/data/DataCenter.java:DataCenter.DataCenter#0"
"proc_9_khamngoc","KhamNgoc → DataCenter","KhamNgoc → DataCenter","cross_community",6,"['comm_28','comm_188','comm_168','comm_17']","Method:src/com/langla/real/player/Char.java:Char.khamNgoc#3","Constructor:src/com/langla/data/DataCenter.java:DataCenter.DataCenter#0"
"proc_10_readitembody","ReadItemBody → DataCenter","ReadItemBody → DataCenter","cross_community",6,"['comm_22','comm_28','comm_168','comm_17']","Method:src/com/langla/real/player/Char.java:Char.readItemBody#2","Constructor:src/com/langla/data/DataCenter.java:DataCenter.DataCenter#0"
"proc_11_donegiaodich","DoneGiaoDich → Writer","DoneGiaoDich → Writer","cross_community",6,"['comm_43','comm_23']","Method:src/com/langla/real/player/Char.java:Char.DoneGiaoDich#0","Constructor:src/com/langla/server/lib/Writer.java:Writer.Writer#0"
"proc_12_cuonghoa","CuongHoa → DataCenter","CuongHoa → DataCenter","cross_community",6,"['comm_188','comm_168','comm_17']","Method:src/com/langla/real/player/Char.java:Char.cuongHoa#4","Constructor:src/com/langla/data/DataCenter.java:DataCenter.DataCenter#0"
"proc_13_jcombobox1actionperf","JComboBox1ActionPerformed → DataCenter","JComboBox1ActionPerformed → DataCenter","cross_community",6,"['comm_99','comm_22','comm_28','comm_168','comm_17']","Method:src/com/langla/server/tool/frmCreateItem.java:frmCreateItem.jComboBox1ActionPerformed#1","Constructor:src/com/langla/data/DataCenter.java:DataCenter.DataCenter#0"
"proc_14_effattackplayer","EffAttackPlayer → DataCenter","EffAttackPlayer → DataCenter","cross_community",6,"['comm_186','comm_179','comm_123','comm_17']","Method:src/com/langla/real/player/Char.java:Char.effAttackPlayer#2","Constructor:src/com/langla/data/DataCenter.java:DataCenter.DataCenter#0"
"proc_15_effattackplayer","EffAttackPlayer → Split","EffAttackPlayer → Split","cross_community",6,"['comm_186','comm_179','comm_65','comm_28']","Method:src/com/langla/real/player/Char.java:Char.effAttackPlayer#2","Method:src/com/langla/lib/Utlis.java:Utlis.split#2"
"proc_16_effattackplayer","EffAttackPlayer → LogError","EffAttackPlayer → LogError","cross_community",6,"['comm_186','comm_179','comm_65','comm_23']","Method:src/com/langla/real/player/Char.java:Char.effAttackPlayer#2","Method:src/com/langla/lib/Utlis.java:Utlis.logError#3"
"proc_17_nhanthuong","NhanThuong → DataCenter","NhanThuong → DataCenter","cross_community",6,"['comm_43','comm_28','comm_168','comm_17']","Method:src/com/langla/real/khobau/KhoBau.java:KhoBau.NhanThuong#2","Constructor:src/com/langla/data/DataCenter.java:DataCenter.DataCenter#0"
"proc_18_dropitem","DropItem → DataCenter","DropItem → DataCenter","cross_community",6,"['comm_99','comm_28','comm_168','comm_17']","Method:src/com/langla/real/map/Map.java:Zone.dropItem#2","Constructor:src/com/langla/data/DataCenter.java:DataCenter.DataCenter#0"
"proc_19_handlegift","HandleGift → DataCenter","HandleGift → DataCenter","cross_community",6,"['comm_43','comm_28','comm_168','comm_17']","Method:src/com/langla/real/baucua/BauCua.java:BauCua.handleGift#1","Constructor:src/com/langla/data/DataCenter.java:DataCenter.DataCenter#0"
"proc_20_jcombobox3actionperf","JComboBox3ActionPerformed → DataCenter","JComboBox3ActionPerformed → DataCenter","cross_community",6,"['comm_99','comm_188','comm_168','comm_17']","Method:src/com/langla/server/tool/frmCreateItem.java:frmCreateItem.jComboBox3ActionPerformed#1","Constructor:src/com/langla/data/DataCenter.java:DataCenter.DataCenter#0"
"proc_21_checkdonekillmob","CheckDoneKillMob → DataCenter","CheckDoneKillMob → DataCenter","cross_community",6,"['comm_158','comm_43','comm_17']","Method:src/com/langla/real/task/TaskHandler.java:TaskHandler.checkDoneKillMob#2","Constructor:src/com/langla/data/DataCenter.java:DataCenter.DataCenter#0"
"proc_22_opentabnaptien","OpenTabNapTien → DataCenter","OpenTabNapTien → DataCenter","cross_community",6,"['comm_63','comm_28','comm_168','comm_17']","Method:src/com/langla/real/player/Session.java:Serivce.openTabNapTien#0","Constructor:src/com/langla/data/DataCenter.java:DataCenter.DataCenter#0"
"proc_23_nextmap","NextMap → Positive","NextMap → Positive","cross_community",6,"['comm_160','comm_51','comm_49']","Method:src/com/langla/real/map/Map.java:Map.nextMap#1","Method:src/com/langla/lib/Utlis.java:Utlis.positive#1"
"proc_24_chatpublic","ChatPublic → DataCenter","ChatPublic → DataCenter","cross_community",6,"['comm_140','comm_28','comm_168','comm_17']","Method:src/com/langla/real/player/Char.java:Char.chatPublic#1","Constructor:src/com/langla/data/DataCenter.java:DataCenter.DataCenter#0"
"proc_25_a","A → I","A → I","cross_community",6,"['comm_66','comm_61','comm_57']","Method:src/com/langla/lib/Binary.java:Binary.a#0","Method:src/com/langla/lib/Utlis.java:Utlis.i#1~int"
"proc_26_a","A → Write","A → Write","cross_community",6,"['comm_66','comm_61','comm_57']","Method:src/com/langla/lib/Binary.java:Binary.a#0","Method:src/com/langla/lib/Binary.java:Binary.write#3"
"proc_27_a","A → Close","A → Close","cross_community",6,"['comm_66','comm_61','comm_57']","Method:src/com/langla/lib/Binary.java:Binary.a#0","Method:src/com/langla/server/lib/Reader.java:Reader.close#0"
"proc_28_b","B → I","B → I","cross_community",6,"['comm_66','comm_61','comm_57']","Method:src/com/langla/lib/Binary.java:Binary.b#0","Method:src/com/langla/lib/Utlis.java:Utlis.i#1~int"
"proc_29_b","B → Write","B → Write","cross_community",6,"['comm_66','comm_61','comm_57']","Method:src/com/langla/lib/Binary.java:Binary.b#0","Method:src/com/langla/lib/Binary.java:Binary.write#3"
"proc_30_b","B → Close","B → Close","cross_community",6,"['comm_66','comm_61','comm_57']","Method:src/com/langla/lib/Binary.java:Binary.b#0","Method:src/com/langla/server/lib/Reader.java:Reader.close#0"
"proc_31_hoanthanhnhiemvu","HoanThanhNhiemVu → DataCenter","HoanThanhNhiemVu → DataCenter","cross_community",6,"['comm_158','comm_43','comm_17']","Method:src/com/langla/real/task/TaskHandler.java:TaskHandler.hoanThanhNhiemVu#1","Constructor:src/com/langla/data/DataCenter.java:DataCenter.DataCenter#0"
"proc_32_handler","Handler → WriteByte","Handler → WriteByte","cross_community",5,"['comm_176','comm_43','comm_23','comm_63']","Method:src/com/langla/real/other/InputClient.java:InputClient.Handler#2","Method:src/com/langla/server/lib/Writer.java:Writer.writeByte#1"
"proc_33_useitem","UseItem → WriteByte","UseItem → WriteByte","cross_community",5,"['comm_28','comm_43','comm_23','comm_63']","Method:src/com/langla/real/item/ItemHandle.java:ItemHandle.useItem#2","Method:src/com/langla/server/lib/Writer.java:Writer.writeByte#1"
"proc_34_npcmenu","NPCMenu → Writer","NPCMenu → Writer","cross_community",5,"['comm_43','comm_23']","Method:src/com/langla/real/npc/NPC_Action.java:NPC_Action.NPCMenu#2","Constructor:src/com/langla/server/lib/Writer.java:Writer.Writer#0"
"proc_35_npcmenu","NPCMenu → WriteByte","NPCMenu → WriteByte","cross_community",5,"['comm_43','comm_23','comm_63']","Method:src/com/langla/real/npc/NPC_Action.java:NPC_Action.NPCMenu#2","Method:src/com/langla/server/lib/Writer.java:Writer.writeByte#1"
"proc_36_npcmenu","NPCMenu → DataCenter","NPCMenu → DataCenter","cross_community",5,"['comm_43','comm_119','comm_168','comm_17']","Method:src/com/langla/real/npc/NPC_Action.java:NPC_Action.NPCMenu#2","Constructor:src/com/langla/data/DataCenter.java:DataCenter.DataCenter#0"
"proc_37_readarrdatagame","ReadArrDataGame → LogError","ReadArrDataGame → LogError","cross_community",5,"['comm_22','comm_66','comm_61','comm_23']","Method:src/com/langla/data/DataCenter.java:DataCenter.readArrDataGame#1","Method:src/com/langla/lib/Utlis.java:Utlis.logError#3"
"proc_38_initializeactionlist","InitializeActionList → DataCenter","InitializeActionList → DataCenter","cross_community",5,"['comm_23','comm_157','comm_43','comm_17']","Method:src/com/langla/real/npc/Npc.java:Npc.initializeActionList#2","Constructor:src/com/langla/data/DataCenter.java:DataCenter.DataCenter#0"
"proc_39_initializeactionlist","InitializeActionList → Writer","InitializeActionList → Writer","cross_community",5,"['comm_23','comm_157']","Method:src/com/langla/real/npc/Npc.java:Npc.initializeActionList#2","Constructor:src/com/langla/server/lib/Writer.java:Writer.Writer#0"
"proc_40_initializeactionlist","InitializeActionList → WriteByte","InitializeActionList → WriteByte","cross_community",5,"['comm_23','comm_157','comm_63']","Method:src/com/langla/real/npc/Npc.java:Npc.initializeActionList#2","Method:src/com/langla/server/lib/Writer.java:Writer.writeByte#1"
"proc_41_main","Main → Zone","Main → Zone","cross_community",5,"['comm_45','comm_17','comm_141']","Method:src/com/langla/server/main/Main.java:Main.main#1","Constructor:src/com/langla/real/map/Map.java:Zone.Zone#2"
"proc_42_main","Main → DataCenter","Main → DataCenter","cross_community",5,"['comm_45','comm_17']","Method:src/com/langla/server/main/Main.java:Main.main#1","Constructor:src/com/langla/data/DataCenter.java:DataCenter.DataCenter#0"
"proc_43_main","Main → SetXY","Main → SetXY","cross_community",5,"['comm_45','comm_17','comm_125']","Method:src/com/langla/server/main/Main.java:Main.main#1","Method:src/com/langla/real/player/Entity.java:Entity.setXY#1"
"proc_44_useitemwithtab","UseItemWithTab → DataCenter","UseItemWithTab → DataCenter","cross_community",5,"['comm_43','comm_168','comm_17']","Method:src/com/langla/real/item/ItemHandle.java:ItemHandle.useItemWithTab#4","Constructor:src/com/langla/data/DataCenter.java:DataCenter.DataCenter#0"
"proc_45_useitemwithtab","UseItemWithTab → GetArrayListNotNull","UseItemWithTab → GetArrayListNotNull","cross_community",5,"['comm_43','comm_23','comm_63']","Method:src/com/langla/real/item/ItemHandle.java:ItemHandle.useItemWithTab#4","Method:src/com/langla/lib/Utlis.java:Utlis.getArrayListNotNull#2"
"proc_46_useitemwithtab","UseItemWithTab → WriteByte","UseItemWithTab → WriteByte","cross_community",5,"['comm_43','comm_23','comm_63']","Method:src/com/langla/real/item/ItemHandle.java:ItemHandle.useItemWithTab#4","Method:src/com/langla/server/lib/Writer.java:Writer.writeByte#1"
"proc_47_useitemwithtab","UseItemWithTab → WriteShort","UseItemWithTab → WriteShort","cross_community",5,"['comm_43','comm_23','comm_63']","Method:src/com/langla/real/item/ItemHandle.java:ItemHandle.useItemWithTab#4","Method:src/com/langla/server/lib/Writer.java:Writer.writeShort#1"
"proc_48_useitemwithtab","UseItemWithTab → WriteBoolean","UseItemWithTab → WriteBoolean","cross_community",5,"['comm_43','comm_23','comm_63']","Method:src/com/langla/real/item/ItemHandle.java:ItemHandle.useItemWithTab#4","Method:src/com/langla/server/lib/Writer.java:Writer.writeBoolean#1"
"proc_49_gokhamngoc","GoKhamNgoc → WriteByte","GoKhamNgoc → WriteByte","cross_community",5,"['comm_28','comm_43','comm_23','comm_63']","Method:src/com/langla/real/player/Char.java:Char.goKhamNgoc#3","Method:src/com/langla/server/lib/Writer.java:Writer.writeByte#1"
"proc_50_upgradelucdao","UpgradeLucDao → WriteByte","UpgradeLucDao → WriteByte","cross_community",5,"['comm_28','comm_43','comm_23','comm_63']","Method:src/com/langla/real/trangbi/UpgradeTrangBi.java:UpgradeTrangBi.upgradeLucDao#4","Method:src/com/langla/server/lib/Writer.java:Writer.writeByte#1"
"proc_51_chetao","CheTao → WriteByte","CheTao → WriteByte","cross_community",5,"['comm_139','comm_43','comm_23','comm_63']","Method:src/com/langla/real/player/Char.java:Char.cheTao#1","Method:src/com/langla/server/lib/Writer.java:Writer.writeByte#1"
"proc_52_handle","Handle → WriteByte","Handle → WriteByte","cross_community",5,"['comm_28','comm_43','comm_23','comm_63']","Method:src/com/langla/real/trangbi/UpgradeTrangBi.java:UpgradeTrangBi.handle#4","Method:src/com/langla/server/lib/Writer.java:Writer.writeByte#1"
"proc_53_msguseitembagx","MsgUseItemBagx → DataCenter","MsgUseItemBagx → DataCenter","cross_community",5,"['comm_63','comm_28','comm_168','comm_17']","Method:src/com/langla/real/player/Char.java:Char.msgUseItemBagx#1","Constructor:src/com/langla/data/DataCenter.java:DataCenter.DataCenter#0"
"proc_54_ghepcaitrang","GhepCaiTrang → WriteByte","GhepCaiTrang → WriteByte","cross_community",5,"['comm_28','comm_43','comm_23','comm_63']","Method:src/com/langla/real/player/Char.java:Char.ghepCaiTrang#1","Method:src/com/langla/server/lib/Writer.java:Writer.writeByte#1"
"proc_55_buyshop","BuyShop → WriteByte","BuyShop → WriteByte","cross_community",5,"['comm_43','comm_23','comm_63']","Method:src/com/langla/real/player/Char.java:Char.BuyShop#2","Method:src/com/langla/server/lib/Writer.java:Writer.writeByte#1"
"proc_56_khamngoc","KhamNgoc → WriteByte","KhamNgoc → WriteByte","cross_community",5,"['comm_28','comm_43','comm_23','comm_63']","Method:src/com/langla/real/player/Char.java:Char.khamNgoc#3","Method:src/com/langla/server/lib/Writer.java:Writer.writeByte#1"
"proc_57_doibuano","DoiBuaNo → WriteByte","DoiBuaNo → WriteByte","cross_community",5,"['comm_43','comm_23','comm_63']","Method:src/com/langla/real/trangbi/UpgradeTrangBi.java:UpgradeTrangBi.DoiBuaNo#3","Method:src/com/langla/server/lib/Writer.java:Writer.writeByte#1"
"proc_58_writeme","WriteMe → Split","WriteMe → Split","cross_community",5,"['comm_63','comm_28']","Method:src/com/langla/real/player/Char.java:Char.writeMe#1","Method:src/com/langla/lib/Utlis.java:Utlis.split#2"
"proc_59_confirmtachcaitrang","ConfirmTachCaiTrang → WriteByte","ConfirmTachCaiTrang → WriteByte","cross_community",5,"['comm_43','comm_23','comm_63']","Method:src/com/langla/real/player/Char.java:Char.confirmTachCaiTrang#2","Method:src/com/langla/server/lib/Writer.java:Writer.writeByte#1"
"proc_60_confirmtachcaitrang","ConfirmTachCaiTrang → DataCenter","ConfirmTachCaiTrang → DataCenter","cross_community",5,"['comm_43','comm_168','comm_17']","Method:src/com/langla/real/player/Char.java:Char.confirmTachCaiTrang#2","Constructor:src/com/langla/data/DataCenter.java:DataCenter.DataCenter#0"
"proc_61_nangcapbuano","NangCapBuaNo → WriteByte","NangCapBuaNo → WriteByte","cross_community",5,"['comm_28','comm_43','comm_23','comm_63']","Method:src/com/langla/real/trangbi/UpgradeTrangBi.java:UpgradeTrangBi.NangCapBuaNo#5","Method:src/com/langla/server/lib/Writer.java:Writer.writeByte#1"
"proc_62_dichchuyen","DichChuyen → WriteByte","DichChuyen → WriteByte","cross_community",5,"['comm_28','comm_43','comm_23','comm_63']","Method:src/com/langla/real/player/Char.java:Char.dichChuyen#5","Method:src/com/langla/server/lib/Writer.java:Writer.writeByte#1"
"proc_63_phatluong","PhatLuong → WriteByte","PhatLuong → WriteByte","cross_community",5,"['comm_54','comm_43','comm_23','comm_63']","Method:src/com/langla/real/family/Family.java:Family.phatLuong#3","Method:src/com/langla/server/lib/Writer.java:Writer.writeByte#1"
"proc_64_donegiaodich","DoneGiaoDich → WriteByte","DoneGiaoDich → WriteByte","cross_community",5,"['comm_43','comm_23','comm_63']","Method:src/com/langla/real/player/Char.java:Char.DoneGiaoDich#0","Method:src/com/langla/server/lib/Writer.java:Writer.writeByte#1"
"proc_65_cuonghoa","CuongHoa → Split","CuongHoa → Split","cross_community",5,"['comm_188','comm_28']","Method:src/com/langla/real/player/Char.java:Char.cuongHoa#4","Method:src/com/langla/lib/Utlis.java:Utlis.split#2"
"proc_66_addchar","AddChar → LogError","AddChar → LogError","cross_community",5,"['comm_138','comm_63','comm_23']","Method:src/com/langla/real/map/Map.java:Map.addChar#1","Method:src/com/langla/lib/Utlis.java:Utlis.logError#3"
"proc_67_addchar","AddChar → Writer","AddChar → Writer","cross_community",5,"['comm_138','comm_23']","Method:src/com/langla/real/map/Map.java:Map.addChar#1","Constructor:src/com/langla/server/lib/Writer.java:Writer.Writer#0"
"proc_68_addchar","AddChar → WriteBoolean","AddChar → WriteBoolean","cross_community",5,"['comm_138','comm_23','comm_63']","Method:src/com/langla/real/map/Map.java:Map.addChar#1","Method:src/com/langla/server/lib/Writer.java:Writer.writeBoolean#1"
"proc_69_addchar","AddChar → WriteByte","AddChar → WriteByte","cross_community",5,"['comm_138','comm_43','comm_23','comm_63']","Method:src/com/langla/real/map/Map.java:Map.addChar#1","Method:src/com/langla/server/lib/Writer.java:Writer.writeByte#1"
"proc_70_mobattackchar","MobAttackChar → Writer","MobAttackChar → Writer","cross_community",5,"['comm_165','comm_23']","Method:src/com/langla/real/map/Map.java:Zone.mobAttackChar#2","Constructor:src/com/langla/server/lib/Writer.java:Writer.Writer#0"
"proc_71_mobattackchar","MobAttackChar → WriteByte","MobAttackChar → WriteByte","cross_community",5,"['comm_165','comm_23','comm_63']","Method:src/com/langla/real/map/Map.java:Zone.mobAttackChar#2","Method:src/com/langla/server/lib/Writer.java:Writer.writeByte#1"
"proc_72_hoanthanhnhiemvu","HoanThanhNhiemVu → WriteByte","HoanThanhNhiemVu → WriteByte","cross_community",5,"['comm_43','comm_23','comm_63']","Method:src/com/langla/real/task/TaskHandler.java:TaskHandler.hoanThanhNhiemVu#2","Method:src/com/langla/server/lib/Writer.java:Writer.writeByte#1"
"proc_73_hoanthanhnhiemvu","HoanThanhNhiemVu → DataCenter","HoanThanhNhiemVu → DataCenter","cross_community",5,"['comm_43','comm_158','comm_17']","Method:src/com/langla/real/task/TaskHandler.java:TaskHandler.hoanThanhNhiemVu#2","Constructor:src/com/langla/data/DataCenter.java:DataCenter.DataCenter#0"
"proc_74_run","Run → WriteByte","Run → WriteByte","cross_community",5,"['comm_31','comm_43','comm_23','comm_63']","Method:src/com/langla/server/main/Maintenance.java:Maintenance.run#0","Method:src/com/langla/server/lib/Writer.java:Writer.writeByte#1"
"proc_75_nhanphucloi","NhanPhucLoi → WriteByte","NhanPhucLoi → WriteByte","cross_community",5,"['comm_43','comm_23','comm_63']","Method:src/com/langla/real/player/Char.java:Char.nhanPhucLoi#1","Method:src/com/langla/server/lib/Writer.java:Writer.writeByte#1"
"proc_76_vutitem","VutItem → Writer","VutItem → Writer","cross_community",5,"['comm_48','comm_23']","Method:src/com/langla/real/player/Char.java:Char.vutItem#1","Constructor:src/com/langla/server/lib/Writer.java:Writer.Writer#0"
"proc_77_vutitem","VutItem → WriteByte","VutItem → WriteByte","cross_community",5,"['comm_48','comm_23','comm_63']","Method:src/com/langla/real/player/Char.java:Char.vutItem#1","Method:src/com/langla/server/lib/Writer.java:Writer.writeByte#1"
"proc_78_vutitem","VutItem → WriteShort","VutItem → WriteShort","cross_community",5,"['comm_48','comm_23','comm_63']","Method:src/com/langla/real/player/Char.java:Char.vutItem#1","Method:src/com/langla/server/lib/Writer.java:Writer.writeShort#1"
"proc_79_raoban","RaoBan → WriteByte","RaoBan → WriteByte","cross_community",5,"['comm_43','comm_23','comm_63']","Method:src/com/langla/real/player/Char.java:Char.RaoBan#1","Method:src/com/langla/server/lib/Writer.java:Writer.writeByte#1"
"proc_80_tachcuonghoa","TachCuongHoa → DataCenter","TachCuongHoa → DataCenter","cross_community",5,"['comm_188','comm_168','comm_17']","Method:src/com/langla/real/player/Char.java:Char.tachCuongHoa#2","Constructor:src/com/langla/data/DataCenter.java:DataCenter.DataCenter#0"
"proc_81_nhanthuong","NhanThuong → WriteByte","NhanThuong → WriteByte","cross_community",5,"['comm_43','comm_23','comm_63']","Method:src/com/langla/real/khobau/KhoBau.java:KhoBau.NhanThuong#2","Method:src/com/langla/server/lib/Writer.java:Writer.writeByte#1"
"proc_82_taogiatoc","TaoGiaToc → WriteByte","TaoGiaToc → WriteByte","cross_community",5,"['comm_43','comm_23','comm_63']","Method:src/com/langla/real/family/Family.java:Family.TaoGiaToc#2","Method:src/com/langla/server/lib/Writer.java:Writer.writeByte#1"
"proc_83_kickmember","KickMember → WriteByte","KickMember → WriteByte","cross_community",5,"['comm_54','comm_43','comm_23','comm_63']","Method:src/com/langla/real/family/Family.java:Family.kickMember#2","Method:src/com/langla/server/lib/Writer.java:Writer.writeByte#1"
"proc_84_typemenu","TypeMenu → WriteByte","TypeMenu → WriteByte","cross_community",5,"['comm_43','comm_23','comm_63']","Method:src/com/langla/real/npc/NPC_Action.java:NPC_Action.TypeMenu#2","Method:src/com/langla/server/lib/Writer.java:Writer.writeByte#1"
"proc_85_typemenu","TypeMenu → Writer","TypeMenu → Writer","cross_community",5,"['comm_43','comm_23']","Method:src/com/langla/real/npc/NPC_Action.java:NPC_Action.TypeMenu#2","Constructor:src/com/langla/server/lib/Writer.java:Writer.Writer#0"
"proc_86_typemenu","TypeMenu → ResetInfo","TypeMenu → ResetInfo","cross_community",5,"['comm_43','comm_23','comm_63','comm_28']","Method:src/com/langla/real/npc/NPC_Action.java:NPC_Action.TypeMenu#2","Method:src/com/langla/real/player/Char.java:Char.resetInfo#0"
"proc_87_quay","Quay → WriteByte","Quay → WriteByte","cross_community",5,"['comm_47','comm_43','comm_23','comm_63']","Method:src/com/langla/real/khobau/KhoBau.java:KhoBau.Quay#2","Method:src/com/langla/server/lib/Writer.java:Writer.writeByte#1"
"proc_88_buycho","BuyCho → WriteByte","BuyCho → WriteByte","cross_community",5,"['comm_43','comm_23','comm_63']","Method:src/com/langla/real/player/Char.java:Char.BuyCho#1","Method:src/com/langla/server/lib/Writer.java:Writer.writeByte#1"
"proc_89_thuvanmay","ThuVanMay → WriteByte","ThuVanMay → WriteByte","cross_community",5,"['comm_43','comm_23','comm_63']","Method:src/com/langla/real/player/Char.java:Char.thuVanMay#0","Method:src/com/langla/server/lib/Writer.java:Writer.writeByte#1"
"proc_90_write","Write → Positive","Write → Positive","cross_community",5,"['comm_63','comm_49']","Method:src/com/langla/real/map/Map.java:Zone.write#2","Method:src/com/langla/lib/Utlis.java:Utlis.positive#1"
"proc_91_write","Write → WriteShort","Write → WriteShort","intra_community",5,"['comm_63']","Method:src/com/langla/real/map/Map.java:Zone.write#2","Method:src/com/langla/server/lib/Writer.java:Writer.writeShort#1"
"proc_92_khaimoskill","KhaiMoSkill → WriteByte","KhaiMoSkill → WriteByte","cross_community",5,"['comm_54','comm_43','comm_23','comm_63']","Method:src/com/langla/real/family/Family.java:Family.KhaiMoSkill#2","Method:src/com/langla/server/lib/Writer.java:Writer.writeByte#1"
"proc_93_dangbancho","DangBanCho → WriteByte","DangBanCho → WriteByte","cross_community",5,"['comm_43','comm_23','comm_63']","Method:src/com/langla/real/player/Char.java:Char.DangBanCho#3","Method:src/com/langla/server/lib/Writer.java:Writer.writeByte#1"
"proc_94_nangcapvithu","NangCapViThu → WriteByte","NangCapViThu → WriteByte","cross_community",5,"['comm_43','comm_23','comm_63']","Method:src/com/langla/real/other/UseOtherFunctions.java:UseOtherFunctions.nangCapViThu#2","Method:src/com/langla/server/lib/Writer.java:Writer.writeByte#1"
"proc_95_createzonecustom","CreateZoneCustom → DataCenter","CreateZoneCustom → DataCenter","cross_community",5,"['comm_141','comm_142','comm_17']","Method:src/com/langla/real/map/Map.java:Map.createZoneCustom#10","Constructor:src/com/langla/data/DataCenter.java:DataCenter.DataCenter#0"
"proc_96_nextmap","NextMap → WriteByte","NextMap → WriteByte","cross_community",5,"['comm_160','comm_43','comm_23','comm_63']","Method:src/com/langla/real/map/Map.java:Map.nextMap#1","Method:src/com/langla/server/lib/Writer.java:Writer.writeByte#1"
"proc_97_camchat","CamChat → WriteByte","CamChat → WriteByte","cross_community",5,"['comm_54','comm_43','comm_23','comm_63']","Method:src/com/langla/real/family/Family.java:Family.camChat#2","Method:src/com/langla/server/lib/Writer.java:Writer.writeByte#1"
"proc_98_gopquy","GopQuy → WriteByte","GopQuy → WriteByte","cross_community",5,"['comm_54','comm_43','comm_23','comm_63']","Method:src/com/langla/real/family/Family.java:Family.gopQuy#2","Method:src/com/langla/server/lib/Writer.java:Writer.writeByte#1"
"proc_99_rutquy","RutQuy → WriteByte","RutQuy → WriteByte","cross_community",5,"['comm_54','comm_43','comm_23','comm_63']","Method:src/com/langla/real/family/Family.java:Family.rutQuy#2","Method:src/com/langla/server/lib/Writer.java:Writer.writeByte#1"
"proc_100_a","A → LogError","A → LogError","cross_community",5,"['comm_66','comm_61','comm_23']","Method:src/com/langla/lib/Binary.java:Binary.a#0","Method:src/com/langla/lib/Utlis.java:Utlis.logError#3"
"proc_101_b","B → LogError","B → LogError","cross_community",5,"['comm_66','comm_61','comm_23']","Method:src/com/langla/lib/Binary.java:Binary.b#0","Method:src/com/langla/lib/Utlis.java:Utlis.logError#3"
"proc_102_sendshop","SendShop → WriteByte","SendShop → WriteByte","cross_community",5,"['comm_23','comm_63']","Method:src/com/langla/real/player/Session.java:Serivce.SendShop#1","Method:src/com/langla/server/lib/Writer.java:Writer.writeByte#1"
"proc_103_listgiatoc","ListGiaToc → WriteByte","ListGiaToc → WriteByte","cross_community",5,"['comm_23','comm_43','comm_63']","Method:src/com/langla/real/player/Session.java:Serivce.listGiaToc#2","Method:src/com/langla/server/lib/Writer.java:Writer.writeByte#1"
"proc_104_handler","Handler → ReadUnsignedByte","Handler → ReadUnsignedByte","cross_community",4,"['comm_176','comm_22']","Method:src/com/langla/real/other/InputClient.java:InputClient.Handler#2","Method:src/com/langla/server/lib/Reader.java:Reader.readUnsignedByte#0"
"proc_105_handler","Handler → Writer","Handler → Writer","cross_community",4,"['comm_176','comm_43']","Method:src/com/langla/real/other/InputClient.java:InputClient.Handler#2","Constructor:src/com/langla/server/lib/Writer.java:Writer.Writer#0"
"proc_106_useitem","UseItem → DataCenter","UseItem → DataCenter","cross_community",4,"['comm_28','comm_168','comm_17']","Method:src/com/langla/real/item/ItemHandle.java:ItemHandle.useItem#2","Constructor:src/com/langla/data/DataCenter.java:DataCenter.DataCenter#0"
"proc_107_useitem","UseItem → Writer","UseItem → Writer","cross_community",4,"['comm_28','comm_43']","Method:src/com/langla/real/item/ItemHandle.java:ItemHandle.useItem#2","Constructor:src/com/langla/server/lib/Writer.java:Writer.Writer#0"
"proc_108_readarrdatagame","ReadArrDataGame → InflateByteArray","ReadArrDataGame → InflateByteArray","cross_community",4,"['comm_22','comm_66','comm_61']","Method:src/com/langla/data/DataCenter.java:DataCenter.readArrDataGame#1","Method:src/com/langla/lib/Utlis.java:Utlis.inflateByteArray#1"
"proc_109_readarrdatagame","ReadArrDataGame → X","ReadArrDataGame → X","cross_community",4,"['comm_22','comm_66','comm_61']","Method:src/com/langla/data/DataCenter.java:DataCenter.readArrDataGame#1","Method:src/com/langla/lib/Binary.java:Binary.x#1"
"proc_110_initializeactionlist","InitializeActionList → ActionNpc","InitializeActionList → ActionNpc","cross_community",4,"['comm_23','comm_157']","Method:src/com/langla/real/npc/Npc.java:Npc.initializeActionList#2","Constructor:src/com/langla/real/npc/Npc.java:ActionNpc.ActionNpc#2"
"proc_111_initializeactionlist","InitializeActionList → SendMessage","InitializeActionList → SendMessage","cross_community",4,"['comm_23','comm_157']","Method:src/com/langla/real/npc/Npc.java:Npc.initializeActionList#2","Method:src/com/langla/real/player/Session.java:Session.sendMessage#1"
"proc_112_initializeactionlist","InitializeActionList → LogError","InitializeActionList → LogError","cross_community",4,"['comm_23','comm_157']","Method:src/com/langla/real/npc/Npc.java:Npc.initializeActionList#2","Method:src/com/langla/lib/Utlis.java:Utlis.logError#3"
"proc_113_main","Main → Print","Main → Print","cross_community",4,"['comm_45','comm_31']","Method:src/com/langla/server/main/Main.java:Main.main#1","Method:src/com/langla/utlis/UTPKoolVN.java:UTPKoolVN.Print#1"
"proc_114_main","Main → SocketConnet","Main → SocketConnet","cross_community",4,"['comm_45','comm_31']","Method:src/com/langla/server/main/Main.java:Main.main#1","Method:src/com/langla/server/handler/ServerSocketHandler.java:ServerSocketHandler.socketConnet#1"
"proc_115_attackplayer","AttackPlayer → DataCenter","AttackPlayer → DataCenter","cross_community",4,"['comm_44','comm_43','comm_17']","Method:src/com/langla/real/map/Map.java:Zone.attackPlayer#3","Constructor:src/com/langla/data/DataCenter.java:DataCenter.DataCenter#0"
"proc_116_attackplayer","AttackPlayer → SendMessage","AttackPlayer → SendMessage","cross_community",4,"['comm_44','comm_165','comm_23']","Method:src/com/langla/real/map/Map.java:Zone.attackPlayer#3","Method:src/com/langla/real/player/Session.java:Session.sendMessage#1"
"proc_117_attackplayer","AttackPlayer → LogError","AttackPlayer → LogError","cross_community",4,"['comm_44','comm_165','comm_23']","Method:src/com/langla/real/map/Map.java:Zone.attackPlayer#3","Method:src/com/langla/lib/Utlis.java:Utlis.logError#3"
"proc_118_createblock","CreateBlock → XYEntity","CreateBlock → XYEntity","intra_community",4,"['comm_50']","Method:src/com/langla/data/MapTemplate.java:MapTemplate.createBlock#1","Class:src/com/langla/real/player/XYEntity.java:XYEntity"
"proc_119_createblock","CreateBlock → SetXY","CreateBlock → SetXY","intra_community",4,"['comm_50']","Method:src/com/langla/data/MapTemplate.java:MapTemplate.createBlock#1","Method:src/com/langla/real/player/XYEntity.java:XYEntity.setXY#2"
"proc_120_useitemwithtab","UseItemWithTab → Writer","UseItemWithTab → Writer","cross_community",4,"['comm_43','comm_23']","Method:src/com/langla/real/item/ItemHandle.java:ItemHandle.useItemWithTab#4","Constructor:src/com/langla/server/lib/Writer.java:Writer.Writer#0"
"proc_121_useitemwithtab","UseItemWithTab → LogError","UseItemWithTab → LogError","cross_community",4,"['comm_43','comm_23']","Method:src/com/langla/real/item/ItemHandle.java:ItemHandle.useItemWithTab#4","Method:src/com/langla/lib/Utlis.java:Utlis.logError#3"
"proc_122_useitemwithtab","UseItemWithTab → WriteInt","UseItemWithTab → WriteInt","cross_community",4,"['comm_43','comm_63']","Method:src/com/langla/real/item/ItemHandle.java:ItemHandle.useItemWithTab#4","Method:src/com/langla/server/lib/Writer.java:Writer.writeInt#1"
"proc_123_gokhamngoc","GoKhamNgoc → Split","GoKhamNgoc → Split","intra_community",4,"['comm_28']","Method:src/com/langla/real/player/Char.java:Char.goKhamNgoc#3","Method:src/com/langla/lib/Utlis.java:Utlis.split#2"
"proc_124_gokhamngoc","GoKhamNgoc → Writer","GoKhamNgoc → Writer","cross_community",4,"['comm_28','comm_43']","Method:src/com/langla/real/player/Char.java:Char.goKhamNgoc#3","Constructor:src/com/langla/server/lib/Writer.java:Writer.Writer#0"
"proc_125_upgradelucdao","UpgradeLucDao → Writer","UpgradeLucDao → Writer","cross_community",4,"['comm_28','comm_43']","Method:src/com/langla/real/trangbi/UpgradeTrangBi.java:UpgradeTrangBi.upgradeLucDao#4","Constructor:src/com/langla/server/lib/Writer.java:Writer.Writer#0"
"proc_126_upgradelucdao","UpgradeLucDao → Split","UpgradeLucDao → Split","intra_community",4,"['comm_28']","Method:src/com/langla/real/trangbi/UpgradeTrangBi.java:UpgradeTrangBi.upgradeLucDao#4","Method:src/com/langla/lib/Utlis.java:Utlis.split#2"
"proc_127_upgradelucdao","UpgradeLucDao → DataCenter","UpgradeLucDao → DataCenter","cross_community",4,"['comm_28','comm_168','comm_17']","Method:src/com/langla/real/trangbi/UpgradeTrangBi.java:UpgradeTrangBi.upgradeLucDao#4","Constructor:src/com/langla/data/DataCenter.java:DataCenter.DataCenter#0"
"proc_128_chetao","CheTao → Writer","CheTao → Writer","cross_community",4,"['comm_139','comm_43']","Method:src/com/langla/real/player/Char.java:Char.cheTao#1","Constructor:src/com/langla/server/lib/Writer.java:Writer.Writer#0"
"proc_129_handle","Handle → Writer","Handle → Writer","cross_community",4,"['comm_28','comm_43']","Method:src/com/langla/real/trangbi/UpgradeTrangBi.java:UpgradeTrangBi.handle#4","Constructor:src/com/langla/server/lib/Writer.java:Writer.Writer#0"
"proc_130_handle","Handle → Split","Handle → Split","intra_community",4,"['comm_28']","Method:src/com/langla/real/trangbi/UpgradeTrangBi.java:UpgradeTrangBi.handle#4","Method:src/com/langla/lib/Utlis.java:Utlis.split#2"
"proc_131_handle","Handle → DataCenter","Handle → DataCenter","cross_community",4,"['comm_28','comm_168','comm_17']","Method:src/com/langla/real/trangbi/UpgradeTrangBi.java:UpgradeTrangBi.handle#4","Constructor:src/com/langla/data/DataCenter.java:DataCenter.DataCenter#0"
"proc_132_ghepcaitrang","GhepCaiTrang → Writer","GhepCaiTrang → Writer","cross_community",4,"['comm_28','comm_43']","Method:src/com/langla/real/player/Char.java:Char.ghepCaiTrang#1","Constructor:src/com/langla/server/lib/Writer.java:Writer.Writer#0"
"proc_133_buyshop","BuyShop → Writer","BuyShop → Writer","intra_community",4,"['comm_43']","Method:src/com/langla/real/player/Char.java:Char.BuyShop#2","Constructor:src/com/langla/server/lib/Writer.java:Writer.Writer#0"
"proc_134_khamngoc","KhamNgoc → Split","KhamNgoc → Split","intra_community",4,"['comm_28']","Method:src/com/langla/real/player/Char.java:Char.khamNgoc#3","Method:src/com/langla/lib/Utlis.java:Utlis.split#2"
"proc_135_khamngoc","KhamNgoc → Writer","KhamNgoc → Writer","cross_community",4,"['comm_28','comm_43']","Method:src/com/langla/real/player/Char.java:Char.khamNgoc#3","Constructor:src/com/langla/server/lib/Writer.java:Writer.Writer#0"
"proc_136_attackmob","AttackMob → DataCenter","AttackMob → DataCenter","cross_community",4,"['comm_165','comm_43','comm_17']","Method:src/com/langla/real/map/Map.java:Zone.attackMob#3","Constructor:src/com/langla/data/DataCenter.java:DataCenter.DataCenter#0"
"proc_137_attackmob","AttackMob → SendMessage","AttackMob → SendMessage","cross_community",4,"['comm_165','comm_23']","Method:src/com/langla/real/map/Map.java:Zone.attackMob#3","Method:src/com/langla/real/player/Session.java:Session.sendMessage#1"
"proc_138_attackmob","AttackMob → LogError","AttackMob → LogError","cross_community",4,"['comm_165','comm_23']","Method:src/com/langla/real/map/Map.java:Zone.attackMob#3","Method:src/com/langla/lib/Utlis.java:Utlis.logError#3"
"proc_139_doibuano","DoiBuaNo → DataCenter","DoiBuaNo → DataCenter","cross_community",4,"['comm_43','comm_168','comm_17']","Method:src/com/langla/real/trangbi/UpgradeTrangBi.java:UpgradeTrangBi.DoiBuaNo#3","Constructor:src/com/langla/data/DataCenter.java:DataCenter.DataCenter#0"
"proc_140_doibuano","DoiBuaNo → Writer","DoiBuaNo → Writer","intra_community",4,"['comm_43']","Method:src/com/langla/real/trangbi/UpgradeTrangBi.java:UpgradeTrangBi.DoiBuaNo#3","Constructor:src/com/langla/server/lib/Writer.java:Writer.Writer#0"
"proc_141_confirmtachcaitrang","ConfirmTachCaiTrang → Writer","ConfirmTachCaiTrang → Writer","intra_community",4,"['comm_43']","Method:src/com/langla/real/player/Char.java:Char.confirmTachCaiTrang#2","Constructor:src/com/langla/server/lib/Writer.java:Writer.Writer#0"
"proc_142_readarrdatagame2","ReadArrDataGame2 → ReadUnsignedByte","ReadArrDataGame2 → ReadUnsignedByte","intra_community",4,"['comm_22']","Method:src/com/langla/data/DataCenter.java:DataCenter.readArrDataGame2#1","Method:src/com/langla/server/lib/Reader.java:Reader.readUnsignedByte#0"
"proc_143_nangcapbuano","NangCapBuaNo → DataCenter","NangCapBuaNo → DataCenter","cross_community",4,"['comm_28','comm_168','comm_17']","Method:src/com/langla/real/trangbi/UpgradeTrangBi.java:UpgradeTrangBi.NangCapBuaNo#5","Constructor:src/com/langla/data/DataCenter.java:DataCenter.DataCenter#0"
"proc_144_nangcapbuano","NangCapBuaNo → Writer","NangCapBuaNo → Writer","cross_community",4,"['comm_28','comm_43']","Method:src/com/langla/real/trangbi/UpgradeTrangBi.java:UpgradeTrangBi.NangCapBuaNo#5","Constructor:src/com/langla/server/lib/Writer.java:Writer.Writer#0"
"proc_145_nangcapbuano","NangCapBuaNo → Split","NangCapBuaNo → Split","intra_community",4,"['comm_28']","Method:src/com/langla/real/trangbi/UpgradeTrangBi.java:UpgradeTrangBi.NangCapBuaNo#5","Method:src/com/langla/lib/Utlis.java:Utlis.split#2"
"proc_146_dichchuyen","DichChuyen → Writer","DichChuyen → Writer","cross_community",4,"['comm_28','comm_43']","Method:src/com/langla/real/player/Char.java:Char.dichChuyen#5","Constructor:src/com/langla/server/lib/Writer.java:Writer.Writer#0"
"proc_147_phatluong","PhatLuong → Writer","PhatLuong → Writer","cross_community",4,"['comm_54','comm_43']","Method:src/com/langla/real/family/Family.java:Family.phatLuong#3","Constructor:src/com/langla/server/lib/Writer.java:Writer.Writer#0"
"proc_148_listgiatoctest","ListGiaTocTest → WriteByte","ListGiaTocTest → WriteByte","cross_community",4,"['comm_23','comm_63']","Method:src/com/langla/real/player/Session.java:Serivce.listGiaTocTest#0","Method:src/com/langla/server/lib/Writer.java:Writer.writeByte#1"
"proc_149_update","Update → SendMessage","Update → SendMessage","cross_community",4,"['comm_165','comm_43','comm_23']","Method:src/com/langla/real/player/Char.java:Char.update#0","Method:src/com/langla/real/player/Session.java:Session.sendMessage#1"
"proc_150_update","Update → LogError","Update → LogError","cross_community",4,"['comm_165','comm_43','comm_23']","Method:src/com/langla/real/player/Char.java:Char.update#0","Method:src/com/langla/lib/Utlis.java:Utlis.logError#3"
"proc_151_update","Update → Writer","Update → Writer","cross_community",4,"['comm_165','comm_63']","Method:src/com/langla/real/player/Char.java:Char.update#0","Constructor:src/com/langla/server/lib/Writer.java:Writer.Writer#0"
"proc_152_update","Update → WriteInt","Update → WriteInt","cross_community",4,"['comm_165','comm_63']","Method:src/com/langla/real/player/Char.java:Char.update#0","Method:src/com/langla/server/lib/Writer.java:Writer.writeInt#1"
"proc_153_update","Update → WriteShort","Update → WriteShort","cross_community",4,"['comm_165','comm_63']","Method:src/com/langla/real/player/Char.java:Char.update#0","Method:src/com/langla/server/lib/Writer.java:Writer.writeShort#1"
"proc_154_donegiaodich","DoneGiaoDich → SendMessage","DoneGiaoDich → SendMessage","cross_community",4,"['comm_43','comm_23']","Method:src/com/langla/real/player/Char.java:Char.DoneGiaoDich#0","Method:src/com/langla/real/player/Session.java:Session.sendMessage#1"
"proc_155_donegiaodich","DoneGiaoDich → LogError","DoneGiaoDich → LogError","cross_community",4,"['comm_43','comm_23']","Method:src/com/langla/real/player/Char.java:Char.DoneGiaoDich#0","Method:src/com/langla/lib/Utlis.java:Utlis.logError#3"
"proc_156_cuonghoa","CuongHoa → K","CuongHoa → K","cross_community",4,"['comm_188','comm_28']","Method:src/com/langla/real/player/Char.java:Char.cuongHoa#4","Method:src/com/langla/data/ItemOption.java:ItemOption.k#0"
"proc_157_addchar","AddChar → GetWayPoint_WhenNextMap","AddChar → GetWayPoint_WhenNextMap","cross_community",4,"['comm_138','comm_160']","Method:src/com/langla/real/map/Map.java:Map.addChar#1","Method:src/com/langla/real/map/Map.java:Map.getWayPoint_WhenNextMap#1"
"proc_158_addchar","AddChar → SetXY","AddChar → SetXY","cross_community",4,"['comm_138','comm_125']","Method:src/com/langla/real/map/Map.java:Map.addChar#1","Method:src/com/langla/real/player/Entity.java:Entity.setXY#1"
"proc_159_addchar","AddChar → SendMessage","AddChar → SendMessage","cross_community",4,"['comm_138','comm_23']","Method:src/com/langla/real/map/Map.java:Map.addChar#1","Method:src/com/langla/real/player/Session.java:Session.sendMessage#1"
"proc_160_mobattackchar","MobAttackChar → WriteInt","MobAttackChar → WriteInt","cross_community",4,"['comm_165','comm_23','comm_63']","Method:src/com/langla/real/map/Map.java:Zone.mobAttackChar#2","Method:src/com/langla/server/lib/Writer.java:Writer.writeInt#1"
"proc_161_mobattackchar","MobAttackChar → SendMessage","MobAttackChar → SendMessage","cross_community",4,"['comm_165','comm_23']","Method:src/com/langla/real/map/Map.java:Zone.mobAttackChar#2","Method:src/com/langla/real/player/Session.java:Session.sendMessage#1"
"proc_162_mobattackchar","MobAttackChar → LogError","MobAttackChar → LogError","cross_community",4,"['comm_165','comm_23']","Method:src/com/langla/real/map/Map.java:Zone.mobAttackChar#2","Method:src/com/langla/lib/Utlis.java:Utlis.logError#3"
"proc_163_hoanthanhnhiemvu","HoanThanhNhiemVu → Writer","HoanThanhNhiemVu → Writer","intra_community",4,"['comm_43']","Method:src/com/langla/real/task/TaskHandler.java:TaskHandler.hoanThanhNhiemVu#2","Constructor:src/com/langla/server/lib/Writer.java:Writer.Writer#0"
"proc_164_jcombobox1actionperf","JComboBox1ActionPerformed → ReadShort","JComboBox1ActionPerformed → ReadShort","cross_community",4,"['comm_99','comm_22']","Method:src/com/langla/server/tool/frmCreateItem.java:frmCreateItem.jComboBox1ActionPerformed#1","Method:src/com/langla/server/lib/Reader.java:Reader.readShort#0"
"proc_165_jcombobox1actionperf","JComboBox1ActionPerformed → ReadBoolean","JComboBox1ActionPerformed → ReadBoolean","cross_community",4,"['comm_99','comm_22']","Method:src/com/langla/server/tool/frmCreateItem.java:frmCreateItem.jComboBox1ActionPerformed#1","Method:src/com/langla/server/lib/Reader.java:Reader.readBoolean#0"
"proc_166_jcombobox1actionperf","JComboBox1ActionPerformed → ReadLong","JComboBox1ActionPerformed → ReadLong","cross_community",4,"['comm_99','comm_22']","Method:src/com/langla/server/tool/frmCreateItem.java:frmCreateItem.jComboBox1ActionPerformed#1","Method:src/com/langla/server/lib/Reader.java:Reader.readLong#0"
"proc_167_run","Run → Writer","Run → Writer","cross_community",4,"['comm_31','comm_43']","Method:src/com/langla/server/main/Maintenance.java:Maintenance.run#0","Constructor:src/com/langla/server/lib/Writer.java:Writer.Writer#0"
"proc_168_run","Run → PlayerManager","Run → PlayerManager","cross_community",4,"['comm_31','comm_43']","Method:src/com/langla/server/main/Maintenance.java:Maintenance.run#0","Class:src/com/langla/real/player/PlayerManager.java:PlayerManager"
"proc_169_run","Run → SendMessage","Run → SendMessage","cross_community",4,"['comm_31','comm_43','comm_23']","Method:src/com/langla/server/main/Maintenance.java:Maintenance.run#0","Method:src/com/langla/real/player/Session.java:Session.sendMessage#1"
"proc_170_run","Run → Print","Run → Print","intra_community",4,"['comm_31']","Method:src/com/langla/server/main/Maintenance.java:Maintenance.run#0","Method:src/com/langla/utlis/UTPKoolVN.java:UTPKoolVN.Print#1"
"proc_171_sendtabselectchar","SendTabSelectChar → InfoChar","SendTabSelectChar → InfoChar","cross_community",4,"['comm_63','comm_30','comm_131']","Method:src/com/langla/real/player/Player.java:Player.sendTabSelectChar#1","Class:src/com/langla/data/InfoChar.java:InfoChar"
"proc_172_sendtabselectchar","SendTabSelectChar → InfoTuongKhac","SendTabSelectChar → InfoTuongKhac","cross_community",4,"['comm_63','comm_30']","Method:src/com/langla/real/player/Player.java:Player.sendTabSelectChar#1","Constructor:src/com/langla/data/InfoTuongKhac.java:InfoTuongKhac.InfoTuongKhac#0"
"proc_173_sendtabselectchar","SendTabSelectChar → Info","SendTabSelectChar → Info","cross_community",4,"['comm_63','comm_30','comm_132']","Method:src/com/langla/real/player/Player.java:Player.sendTabSelectChar#1","Class:src/com/langla/data/Info.java:Info"
"proc_174_sendtabselectchar","SendTabSelectChar → Trade","SendTabSelectChar → Trade","cross_community",4,"['comm_63','comm_30']","Method:src/com/langla/real/player/Player.java:Player.sendTabSelectChar#1","Constructor:src/com/langla/data/Trade.java:Trade.Trade#0"
"proc_175_sendtabselectchar","SendTabSelectChar → DataCenter","SendTabSelectChar → DataCenter","cross_community",4,"['comm_63','comm_30','comm_17']","Method:src/com/langla/real/player/Player.java:Player.sendTabSelectChar#1","Constructor:src/com/langla/data/DataCenter.java:DataCenter.DataCenter#0"
"proc_176_nhanphucloi","NhanPhucLoi → Writer","NhanPhucLoi → Writer","intra_community",4,"['comm_43']","Method:src/com/langla/real/player/Char.java:Char.nhanPhucLoi#1","Constructor:src/com/langla/server/lib/Writer.java:Writer.Writer#0"
"proc_177_nhanphucloi","NhanPhucLoi → DataCenter","NhanPhucLoi → DataCenter","cross_community",4,"['comm_43','comm_17']","Method:src/com/langla/real/player/Char.java:Char.nhanPhucLoi#1","Constructor:src/com/langla/data/DataCenter.java:DataCenter.DataCenter#0"
"proc_178_vutitem","VutItem → SendMessage","VutItem → SendMessage","cross_community",4,"['comm_48','comm_23']","Method:src/com/langla/real/player/Char.java:Char.vutItem#1","Method:src/com/langla/real/player/Session.java:Session.sendMessage#1"
"proc_179_raoban","RaoBan → Writer","RaoBan → Writer","intra_community",4,"['comm_43']","Method:src/com/langla/real/player/Char.java:Char.RaoBan#1","Constructor:src/com/langla/server/lib/Writer.java:Writer.Writer#0"
"proc_180_nhanthuong","NhanThuong → Writer","NhanThuong → Writer","cross_community",4,"['comm_43','comm_23']","Method:src/com/langla/real/khobau/KhoBau.java:KhoBau.NhanThuong#2","Constructor:src/com/langla/server/lib/Writer.java:Writer.Writer#0"
"proc_181_nhanthuong","NhanThuong → WriteBoolean","NhanThuong → WriteBoolean","cross_community",4,"['comm_43','comm_23','comm_63']","Method:src/com/langla/real/khobau/KhoBau.java:KhoBau.NhanThuong#2","Method:src/com/langla/server/lib/Writer.java:Writer.writeBoolean#1"
"proc_182_dropitem","DropItem → GetIDItemMap","DropItem → GetIDItemMap","cross_community",4,"['comm_99','comm_125','comm_48']","Method:src/com/langla/real/map/Map.java:Zone.dropItem#2","Method:src/com/langla/data/DataCache.java:DataCache.getIDItemMap#0"
"proc_183_taogiatoc","TaoGiaToc → Writer","TaoGiaToc → Writer","intra_community",4,"['comm_43']","Method:src/com/langla/real/family/Family.java:Family.TaoGiaToc#2","Constructor:src/com/langla/server/lib/Writer.java:Writer.Writer#0"
"proc_184_taogiatoc","TaoGiaToc → DataCenter","TaoGiaToc → DataCenter","cross_community",4,"['comm_43','comm_17']","Method:src/com/langla/real/family/Family.java:Family.TaoGiaToc#2","Constructor:src/com/langla/data/DataCenter.java:DataCenter.DataCenter#0"
"proc_185_kickmember","KickMember → Writer","KickMember → Writer","cross_community",4,"['comm_54','comm_43']","Method:src/com/langla/real/family/Family.java:Family.kickMember#2","Constructor:src/com/langla/server/lib/Writer.java:Writer.Writer#0"
"proc_186_nangcapskill","NangCapSkill → DataCenter","NangCapSkill → DataCenter","cross_community",4,"['comm_122','comm_123','comm_17']","Method:src/com/langla/real/player/Char.java:Char.nangCapSkill#1","Constructor:src/com/langla/data/DataCenter.java:DataCenter.DataCenter#0"
"proc_187_nangcapskill","NangCapSkill → Clone","NangCapSkill → Clone","intra_community",4,"['comm_122']","Method:src/com/langla/real/player/Char.java:Char.nangCapSkill#1","Method:src/com/langla/data/Skill.java:Skill.clone#0"
"proc_188_nangcapskill","NangCapSkill → LogError","NangCapSkill → LogError","cross_community",4,"['comm_122','comm_23']","Method:src/com/langla/real/player/Char.java:Char.nangCapSkill#1","Method:src/com/langla/lib/Utlis.java:Utlis.logError#3"
"proc_189_typemenu","TypeMenu → DataCenter","TypeMenu → DataCenter","cross_community",4,"['comm_43','comm_17']","Method:src/com/langla/real/npc/NPC_Action.java:NPC_Action.TypeMenu#2","Constructor:src/com/langla/data/DataCenter.java:DataCenter.DataCenter#0"
"proc_190_typemenu","TypeMenu → WriteInt","TypeMenu → WriteInt","cross_community",4,"['comm_43','comm_23','comm_63']","Method:src/com/langla/real/npc/NPC_Action.java:NPC_Action.TypeMenu#2","Method:src/com/langla/server/lib/Writer.java:Writer.writeInt#1"
"proc_191_quay","Quay → Writer","Quay → Writer","cross_community",4,"['comm_47','comm_43']","Method:src/com/langla/real/khobau/KhoBau.java:KhoBau.Quay#2","Constructor:src/com/langla/server/lib/Writer.java:Writer.Writer#0"
"proc_192_quay","Quay → LogRemoveChar","Quay → LogRemoveChar","cross_community",4,"['comm_47','comm_119','comm_43']","Method:src/com/langla/real/khobau/KhoBau.java:KhoBau.Quay#2","Method:src/com/langla/lib/Utlis.java:Utlis.logRemoveChar#2"
"proc_193_quay","Quay → GetAmount","Quay → GetAmount","cross_community",4,"['comm_47','comm_119']","Method:src/com/langla/real/khobau/KhoBau.java:KhoBau.Quay#2","Method:src/com/langla/real/item/Item.java:Item.getAmount#0"
"proc_194_quay","Quay → SetAmount","Quay → SetAmount","cross_community",4,"['comm_47','comm_119']","Method:src/com/langla/real/khobau/KhoBau.java:KhoBau.Quay#2","Method:src/com/langla/real/item/Item.java:Item.setAmount#1"
"proc_195_test","Test → Writer","Test → Writer","intra_community",4,"['comm_23']","Method:src/com/langla/real/player/Session.java:Serivce.test#0","Constructor:src/com/langla/server/lib/Writer.java:Writer.Writer#0"
"proc_196_test","Test → WriteByte","Test → WriteByte","cross_community",4,"['comm_23','comm_63']","Method:src/com/langla/real/player/Session.java:Serivce.test#0","Method:src/com/langla/server/lib/Writer.java:Writer.writeByte#1"
"proc_197_nhacnhoconfirm","NhacNhoConfirm → WriteByte","NhacNhoConfirm → WriteByte","cross_community",4,"['comm_23','comm_63']","Method:src/com/langla/real/player/Session.java:Serivce.nhacNhoConfirm#2","Method:src/com/langla/server/lib/Writer.java:Writer.writeByte#1"
"proc_198_buycho","BuyCho → Writer","BuyCho → Writer","intra_community",4,"['comm_43']","Method:src/com/langla/real/player/Char.java:Char.BuyCho#1","Constructor:src/com/langla/server/lib/Writer.java:Writer.Writer#0"
"proc_199_thuvanmay","ThuVanMay → Writer","ThuVanMay → Writer","intra_community",4,"['comm_43']","Method:src/com/langla/real/player/Char.java:Char.thuVanMay#0","Constructor:src/com/langla/server/lib/Writer.java:Writer.Writer#0"
"proc_200_write","Write → WriteInt","Write → WriteInt","intra_community",4,"['comm_63']","Method:src/com/langla/real/map/Map.java:Zone.write#2","Method:src/com/langla/server/lib/Writer.java:Writer.writeInt#1"
"proc_201_write","Write → WriteByte","Write → WriteByte","intra_community",4,"['comm_63']","Method:src/com/langla/real/map/Map.java:Zone.write#2","Method:src/com/langla/server/lib/Writer.java:Writer.writeByte#1"
"proc_202_khaimoskill","KhaiMoSkill → Writer","KhaiMoSkill → Writer","cross_community",4,"['comm_54','comm_43']","Method:src/com/langla/real/family/Family.java:Family.KhaiMoSkill#2","Constructor:src/com/langla/server/lib/Writer.java:Writer.Writer#0"
"proc_203_khaimoskill","KhaiMoSkill → DataCenter","KhaiMoSkill → DataCenter","cross_community",4,"['comm_54','comm_17']","Method:src/com/langla/real/family/Family.java:Family.KhaiMoSkill#2","Constructor:src/com/langla/data/DataCenter.java:DataCenter.DataCenter#0"
"proc_204_init","Init → LinearInterpolator","Init → LinearInterpolator","cross_community",4,"['comm_11','comm_84']","Method:src/table/TableScrollButton.java:TableScrollButton.init#0","Constructor:src/org/jdesktop/animation/timing/interpolation/LinearInterpolator.java:LinearInterpolator.LinearInterpolator#0"
"proc_205_init","Init → IsRunning","Init → IsRunning","cross_community",4,"['comm_11','comm_12']","Method:src/table/TableScrollButton.java:TableScrollButton.init#0","Method:src/org/jdesktop/animation/timing/Animator.java:Animator.isRunning#0"
"proc_206_dangbancho","DangBanCho → DataCenter","DangBanCho → DataCenter","cross_community",4,"['comm_43','comm_17']","Method:src/com/langla/real/player/Char.java:Char.DangBanCho#3","Constructor:src/com/langla/data/DataCenter.java:DataCenter.DataCenter#0"
"proc_207_dangbancho","DangBanCho → Writer","DangBanCho → Writer","intra_community",4,"['comm_43']","Method:src/com/langla/real/player/Char.java:Char.DangBanCho#3","Constructor:src/com/langla/server/lib/Writer.java:Writer.Writer#0"
"proc_208_nangcapvithu","NangCapViThu → Writer","NangCapViThu → Writer","intra_community",4,"['comm_43']","Method:src/com/langla/real/other/UseOtherFunctions.java:UseOtherFunctions.nangCapViThu#2","Constructor:src/com/langla/server/lib/Writer.java:Writer.Writer#0"
"proc_209_itemtest","ItemTest → DataCenter","ItemTest → DataCenter","cross_community",4,"['comm_46','comm_168','comm_17']","Method:src/com/langla/real/other/Giftcode.java:Giftcode.itemTest#1","Constructor:src/com/langla/data/DataCenter.java:DataCenter.DataCenter#0"
"proc_210_itemtest","ItemTest → Split","ItemTest → Split","cross_community",4,"['comm_46','comm_99','comm_28']","Method:src/com/langla/real/other/Giftcode.java:Giftcode.itemTest#1","Method:src/com/langla/lib/Utlis.java:Utlis.split#2"
"proc_211_itemtest","ItemTest → F","ItemTest → F","cross_community",4,"['comm_46','comm_43','comm_130']","Method:src/com/langla/real/other/Giftcode.java:Giftcode.itemTest#1","Method:src/com/langla/data/ItemOption.java:ItemOption.f#0"
"proc_212_itemtest","ItemTest → NextInt","ItemTest → NextInt","cross_community",4,"['comm_46','comm_43']","Method:src/com/langla/real/other/Giftcode.java:Giftcode.itemTest#1","Method:src/com/langla/lib/Utlis.java:Utlis.nextInt#1~int"
"proc_213_createzonecustom","CreateZoneCustom → LogError","CreateZoneCustom → LogError","cross_community",4,"['comm_141','comm_23']","Method:src/com/langla/real/map/Map.java:Map.createZoneCustom#10","Method:src/com/langla/lib/Utlis.java:Utlis.logError#3"
"proc_214_nextmap","NextMap → Writer","NextMap → Writer","cross_community",4,"['comm_160','comm_43']","Method:src/com/langla/real/map/Map.java:Map.nextMap#1","Constructor:src/com/langla/server/lib/Writer.java:Writer.Writer#0"
"proc_215_createmob","CreateMob → DataCenter","CreateMob → DataCenter","cross_community",4,"['comm_142','comm_17']","Method:src/com/langla/real/map/Map.java:Zone.createMob#0","Constructor:src/com/langla/data/DataCenter.java:DataCenter.DataCenter#0"
"proc_216_camchat","CamChat → Writer","CamChat → Writer","cross_community",4,"['comm_54','comm_43']","Method:src/com/langla/real/family/Family.java:Family.camChat#2","Constructor:src/com/langla/server/lib/Writer.java:Writer.Writer#0"
"proc_217_gopquy","GopQuy → Writer","GopQuy → Writer","cross_community",4,"['comm_54','comm_43']","Method:src/com/langla/real/family/Family.java:Family.gopQuy#2","Constructor:src/com/langla/server/lib/Writer.java:Writer.Writer#0"
"proc_218_rutquy","RutQuy → Writer","RutQuy → Writer","cross_community",4,"['comm_54','comm_43']","Method:src/com/langla/real/family/Family.java:Family.rutQuy#2","Constructor:src/com/langla/server/lib/Writer.java:Writer.Writer#0"
"proc_219_a","A → InflateByteArray","A → InflateByteArray","cross_community",4,"['comm_66','comm_61']","Method:src/com/langla/lib/Binary.java:Binary.a#0","Method:src/com/langla/lib/Utlis.java:Utlis.inflateByteArray#1"
"proc_220_a","A → X","A → X","cross_community",4,"['comm_66','comm_61']","Method:src/com/langla/lib/Binary.java:Binary.a#0","Method:src/com/langla/lib/Binary.java:Binary.x#1"
"proc_221_b","B → InflateByteArray","B → InflateByteArray","cross_community",4,"['comm_66','comm_61']","Method:src/com/langla/lib/Binary.java:Binary.b#0","Method:src/com/langla/lib/Utlis.java:Utlis.inflateByteArray#1"
"proc_222_b","B → X","B → X","cross_community",4,"['comm_66','comm_61']","Method:src/com/langla/lib/Binary.java:Binary.b#0","Method:src/com/langla/lib/Binary.java:Binary.x#1"
"proc_223_a","A → DataCenter","A → DataCenter","cross_community",4,"['comm_29','comm_28','comm_17']","Method:src/com/langla/data/ItemOption.java:ItemOption.a#1","Constructor:src/com/langla/data/DataCenter.java:DataCenter.DataCenter#0"
"proc_224_sendshop","SendShop → Writer","SendShop → Writer","intra_community",4,"['comm_23']","Method:src/com/langla/real/player/Session.java:Serivce.SendShop#1","Constructor:src/com/langla/server/lib/Writer.java:Writer.Writer#0"
"proc_225_sendshop","SendShop → DataCenter","SendShop → DataCenter","cross_community",4,"['comm_23','comm_17']","Method:src/com/langla/real/player/Session.java:Serivce.SendShop#1","Constructor:src/com/langla/data/DataCenter.java:DataCenter.DataCenter#0"
"proc_226_sendshop","SendShop → WriteShort","SendShop → WriteShort","cross_community",4,"['comm_23','comm_63']","Method:src/com/langla/real/player/Session.java:Serivce.SendShop#1","Method:src/com/langla/server/lib/Writer.java:Writer.writeShort#1"
"proc_227_listgiatoc","ListGiaToc → Writer","ListGiaToc → Writer","cross_community",4,"['comm_23','comm_43']","Method:src/com/langla/real/player/Session.java:Serivce.listGiaToc#2","Constructor:src/com/langla/server/lib/Writer.java:Writer.Writer#0"
"proc_228_bangxephang","BangXepHang → WriteByte","BangXepHang → WriteByte","cross_community",4,"['comm_23','comm_63']","Method:src/com/langla/real/player/Session.java:Serivce.bangXepHang#2","Method:src/com/langla/server/lib/Writer.java:Writer.writeByte#1"
"proc_229_bangxephanggiatoc","BangXepHangGiaToc → WriteByte","BangXepHangGiaToc → WriteByte","cross_community",4,"['comm_23','comm_63']","Method:src/com/langla/real/player/Session.java:Serivce.bangXepHangGiaToc#1","Method:src/com/langla/server/lib/Writer.java:Writer.writeByte#1"
"proc_230_sendtabselectchar","SendTabSelectChar → Writer","SendTabSelectChar → Writer","intra_community",4,"['comm_23']","Method:src/com/langla/real/player/Session.java:Serivce.sendTabSelectChar#0","Constructor:src/com/langla/server/lib/Writer.java:Writer.Writer#0"
"proc_231_sendtabselectchar","SendTabSelectChar → WriteByte","SendTabSelectChar → WriteByte","cross_community",4,"['comm_23','comm_63']","Method:src/com/langla/real/player/Session.java:Serivce.sendTabSelectChar#0","Method:src/com/langla/server/lib/Writer.java:Writer.writeByte#1"
"proc_232_handler","Handler → ReadShort","Handler → ReadShort","cross_community",3,"['comm_176','comm_22']","Method:src/com/langla/real/other/InputClient.java:InputClient.Handler#2","Method:src/com/langla/server/lib/Reader.java:Reader.readShort#0"
"proc_233_handler","Handler → ReadInt","Handler → ReadInt","cross_community",3,"['comm_176','comm_22']","Method:src/com/langla/real/other/InputClient.java:InputClient.Handler#2","Method:src/com/langla/server/lib/Reader.java:Reader.readInt#0"
"proc_234_handler","Handler → SendMessage","Handler → SendMessage","cross_community",3,"['comm_176','comm_43','comm_23']","Method:src/com/langla/real/other/InputClient.java:InputClient.Handler#2","Method:src/com/langla/real/player/Session.java:Session.sendMessage#1"
"proc_235_handler","Handler → LogError","Handler → LogError","cross_community",3,"['comm_176','comm_43','comm_23']","Method:src/com/langla/real/other/InputClient.java:InputClient.Handler#2","Method:src/com/langla/lib/Utlis.java:Utlis.logError#3"
"proc_236_useitem","UseItem → SendMessage","UseItem → SendMessage","cross_community",3,"['comm_28','comm_43','comm_23']","Method:src/com/langla/real/item/ItemHandle.java:ItemHandle.useItem#2","Method:src/com/langla/real/player/Session.java:Session.sendMessage#1"
"proc_237_useitem","UseItem → LogError","UseItem → LogError","cross_community",3,"['comm_28','comm_43','comm_23']","Method:src/com/langla/real/item/ItemHandle.java:ItemHandle.useItem#2","Method:src/com/langla/lib/Utlis.java:Utlis.logError#3"
"proc_238_npcmenu","NPCMenu → SendMessage","NPCMenu → SendMessage","cross_community",3,"['comm_43','comm_23']","Method:src/com/langla/real/npc/NPC_Action.java:NPC_Action.NPCMenu#2","Method:src/com/langla/real/player/Session.java:Session.sendMessage#1"
"proc_239_npcmenu","NPCMenu → LogError","NPCMenu → LogError","cross_community",3,"['comm_43','comm_23']","Method:src/com/langla/real/npc/NPC_Action.java:NPC_Action.NPCMenu#2","Method:src/com/langla/lib/Utlis.java:Utlis.logError#3"
"proc_240_npcmenu","NPCMenu → LogRemoveChar","NPCMenu → LogRemoveChar","cross_community",3,"['comm_43','comm_119']","Method:src/com/langla/real/npc/NPC_Action.java:NPC_Action.NPCMenu#2","Method:src/com/langla/lib/Utlis.java:Utlis.logRemoveChar#2"
"proc_241_npcmenu","NPCMenu → GetAmount","NPCMenu → GetAmount","cross_community",3,"['comm_43','comm_119']","Method:src/com/langla/real/npc/NPC_Action.java:NPC_Action.NPCMenu#2","Method:src/com/langla/real/item/Item.java:Item.getAmount#0"
"proc_242_npcmenu","NPCMenu → SetAmount","NPCMenu → SetAmount","cross_community",3,"['comm_43','comm_119']","Method:src/com/langla/real/npc/NPC_Action.java:NPC_Action.NPCMenu#2","Method:src/com/langla/real/item/Item.java:Item.setAmount#1"
"proc_243_readarrdatagame","ReadArrDataGame → ReadUnsignedByte","ReadArrDataGame → ReadUnsignedByte","intra_community",3,"['comm_22']","Method:src/com/langla/data/DataCenter.java:DataCenter.readArrDataGame#1","Method:src/com/langla/server/lib/Reader.java:Reader.readUnsignedByte#0"
"proc_244_initializeactionlist","InitializeActionList → TaskHandler","InitializeActionList → TaskHandler","cross_community",3,"['comm_23','comm_156']","Method:src/com/langla/real/npc/Npc.java:Npc.initializeActionList#2","Class:src/com/langla/real/task/TaskHandler.java:TaskHandler"
"proc_245_main","Main → Map","Main → Map","cross_community",3,"['comm_45','comm_17']","Method:src/com/langla/server/main/Main.java:Main.main#1","Constructor:src/com/langla/real/map/Map.java:Map.Map#1"
"proc_246_main","Main → MyServerSocket","Main → MyServerSocket","intra_community",3,"['comm_45']","Method:src/com/langla/server/main/Main.java:Main.main#1","Constructor:src/com/langla/server/main/MyServerSocket.java:MyServerSocket.MyServerSocket#2"
"proc_247_attackplayer","AttackPlayer → Writer","AttackPlayer → Writer","cross_community",3,"['comm_44','comm_165']","Method:src/com/langla/real/map/Map.java:Zone.attackPlayer#3","Constructor:src/com/langla/server/lib/Writer.java:Writer.Writer#0"
"proc_248_attackplayer","AttackPlayer → WriteInt","AttackPlayer → WriteInt","cross_community",3,"['comm_44','comm_165','comm_63']","Method:src/com/langla/real/map/Map.java:Zone.attackPlayer#3","Method:src/com/langla/server/lib/Writer.java:Writer.writeInt#1"
"proc_249_update","Update → PlayerManager","Update → PlayerManager","cross_community",3,"['comm_172','comm_43']","Method:src/com/langla/real/bangxephang/BangXepHang.java:BangXepHang.update#0","Class:src/com/langla/real/player/PlayerManager.java:PlayerManager"
"proc_250_update","Update → LogError","Update → LogError","cross_community",3,"['comm_172','comm_23']","Method:src/com/langla/real/bangxephang/BangXepHang.java:BangXepHang.update#0","Method:src/com/langla/lib/Utlis.java:Utlis.logError#3"
"proc_251_createblock","CreateBlock → ReadUnsignedShort","CreateBlock → ReadUnsignedShort","cross_community",3,"['comm_50','comm_22']","Method:src/com/langla/data/MapTemplate.java:MapTemplate.createBlock#1","Method:src/com/langla/server/lib/Reader.java:Reader.readUnsignedShort#0"
"proc_252_createblock","CreateBlock → DataBlockMap","CreateBlock → DataBlockMap","intra_community",3,"['comm_50']","Method:src/com/langla/data/MapTemplate.java:MapTemplate.createBlock#1","Class:src/com/langla/data/DataBlockMap.java:DataBlockMap"
"proc_253_createblock","CreateBlock → ReadShort","CreateBlock → ReadShort","cross_community",3,"['comm_50','comm_22']","Method:src/com/langla/data/MapTemplate.java:MapTemplate.createBlock#1","Method:src/com/langla/server/lib/Reader.java:Reader.readShort#0"
"proc_254_createblock","CreateBlock → ReadByte","CreateBlock → ReadByte","cross_community",3,"['comm_50','comm_22']","Method:src/com/langla/data/MapTemplate.java:MapTemplate.createBlock#1","Method:src/com/langla/server/lib/Reader.java:Reader.readByte#0"
"proc_255_createblock","CreateBlock → BlockMap","CreateBlock → BlockMap","intra_community",3,"['comm_50']","Method:src/com/langla/data/MapTemplate.java:MapTemplate.createBlock#1","Class:src/com/langla/data/BlockMap.java:BlockMap"
"proc_256_useitemwithtab","UseItemWithTab → LogRemoveChar","UseItemWithTab → LogRemoveChar","intra_community",3,"['comm_43']","Method:src/com/langla/real/item/ItemHandle.java:ItemHandle.useItemWithTab#4","Method:src/com/langla/lib/Utlis.java:Utlis.logRemoveChar#2"
"proc_257_useitemwithtab","UseItemWithTab → GetAmount","UseItemWithTab → GetAmount","cross_community",3,"['comm_43','comm_119']","Method:src/com/langla/real/item/ItemHandle.java:ItemHandle.useItemWithTab#4","Method:src/com/langla/real/item/Item.java:Item.getAmount#0"
"proc_258_useitemwithtab","UseItemWithTab → SetAmount","UseItemWithTab → SetAmount","cross_community",3,"['comm_43','comm_119']","Method:src/com/langla/real/item/ItemHandle.java:ItemHandle.useItemWithTab#4","Method:src/com/langla/real/item/Item.java:Item.setAmount#1"
"proc_259_gokhamngoc","GoKhamNgoc → GetItemBagByIndex","GoKhamNgoc → GetItemBagByIndex","intra_community",3,"['comm_28']","Method:src/com/langla/real/player/Char.java:Char.goKhamNgoc#3","Method:src/com/langla/real/player/Char.java:Char.getItemBagByIndex#1"
"proc_260_gokhamngoc","GoKhamNgoc → GetItemBodyByIndex","GoKhamNgoc → GetItemBodyByIndex","intra_community",3,"['comm_28']","Method:src/com/langla/real/player/Char.java:Char.goKhamNgoc#3","Method:src/com/langla/real/player/Char.java:Char.getItemBodyByIndex#1"
"proc_261_gokhamngoc","GoKhamNgoc → GetItemBody2ByIndex","GoKhamNgoc → GetItemBody2ByIndex","intra_community",3,"['comm_28']","Method:src/com/langla/real/player/Char.java:Char.goKhamNgoc#3","Method:src/com/langla/real/player/Char.java:Char.getItemBody2ByIndex#1"
"proc_262_gokhamngoc","GoKhamNgoc → SendMessage","GoKhamNgoc → SendMessage","cross_community",3,"['comm_28','comm_43','comm_23']","Method:src/com/langla/real/player/Char.java:Char.goKhamNgoc#3","Method:src/com/langla/real/player/Session.java:Session.sendMessage#1"
"proc_263_gokhamngoc","GoKhamNgoc → LogError","GoKhamNgoc → LogError","cross_community",3,"['comm_28','comm_43','comm_23']","Method:src/com/langla/real/player/Char.java:Char.goKhamNgoc#3","Method:src/com/langla/lib/Utlis.java:Utlis.logError#3"
"proc_264_upgradelucdao","UpgradeLucDao → GetItemBagByIndex","UpgradeLucDao → GetItemBagByIndex","intra_community",3,"['comm_28']","Method:src/com/langla/real/trangbi/UpgradeTrangBi.java:UpgradeTrangBi.upgradeLucDao#4","Method:src/com/langla/real/player/Char.java:Char.getItemBagByIndex#1"
"proc_265_upgradelucdao","UpgradeLucDao → GetItemBodyByIndex","UpgradeLucDao → GetItemBodyByIndex","intra_community",3,"['comm_28']","Method:src/com/langla/real/trangbi/UpgradeTrangBi.java:UpgradeTrangBi.upgradeLucDao#4","Method:src/com/langla/real/player/Char.java:Char.getItemBodyByIndex#1"
"proc_266_upgradelucdao","UpgradeLucDao → GetItemBody2ByIndex","UpgradeLucDao → GetItemBody2ByIndex","intra_community",3,"['comm_28']","Method:src/com/langla/real/trangbi/UpgradeTrangBi.java:UpgradeTrangBi.upgradeLucDao#4","Method:src/com/langla/real/player/Char.java:Char.getItemBody2ByIndex#1"
"proc_267_upgradelucdao","UpgradeLucDao → SendMessage","UpgradeLucDao → SendMessage","cross_community",3,"['comm_28','comm_43','comm_23']","Method:src/com/langla/real/trangbi/UpgradeTrangBi.java:UpgradeTrangBi.upgradeLucDao#4","Method:src/com/langla/real/player/Session.java:Session.sendMessage#1"
"proc_268_upgradelucdao","UpgradeLucDao → LogError","UpgradeLucDao → LogError","cross_community",3,"['comm_28','comm_43','comm_23']","Method:src/com/langla/real/trangbi/UpgradeTrangBi.java:UpgradeTrangBi.upgradeLucDao#4","Method:src/com/langla/lib/Utlis.java:Utlis.logError#3"
"proc_269_chetao","CheTao → SendMessage","CheTao → SendMessage","cross_community",3,"['comm_139','comm_43','comm_23']","Method:src/com/langla/real/player/Char.java:Char.cheTao#1","Method:src/com/langla/real/player/Session.java:Session.sendMessage#1"
"proc_270_chetao","CheTao → LogError","CheTao → LogError","cross_community",3,"['comm_139','comm_43','comm_23']","Method:src/com/langla/real/player/Char.java:Char.cheTao#1","Method:src/com/langla/lib/Utlis.java:Utlis.logError#3"
"proc_271_chetao","CheTao → DataCenter","CheTao → DataCenter","cross_community",3,"['comm_139','comm_17']","Method:src/com/langla/real/player/Char.java:Char.cheTao#1","Constructor:src/com/langla/data/DataCenter.java:DataCenter.DataCenter#0"
"proc_272_handle","Handle → GetItemBagByIndex","Handle → GetItemBagByIndex","intra_community",3,"['comm_28']","Method:src/com/langla/real/trangbi/UpgradeTrangBi.java:UpgradeTrangBi.handle#4","Method:src/com/langla/real/player/Char.java:Char.getItemBagByIndex#1"
"proc_273_handle","Handle → GetItemBodyByIndex","Handle → GetItemBodyByIndex","intra_community",3,"['comm_28']","Method:src/com/langla/real/trangbi/UpgradeTrangBi.java:UpgradeTrangBi.handle#4","Method:src/com/langla/real/player/Char.java:Char.getItemBodyByIndex#1"
"proc_274_handle","Handle → GetItemBody2ByIndex","Handle → GetItemBody2ByIndex","intra_community",3,"['comm_28']","Method:src/com/langla/real/trangbi/UpgradeTrangBi.java:UpgradeTrangBi.handle#4","Method:src/com/langla/real/player/Char.java:Char.getItemBody2ByIndex#1"
"proc_275_handle","Handle → SendMessage","Handle → SendMessage","cross_community",3,"['comm_28','comm_43','comm_23']","Method:src/com/langla/real/trangbi/UpgradeTrangBi.java:UpgradeTrangBi.handle#4","Method:src/com/langla/real/player/Session.java:Session.sendMessage#1"
"proc_276_handle","Handle → LogError","Handle → LogError","cross_community",3,"['comm_28','comm_43','comm_23']","Method:src/com/langla/real/trangbi/UpgradeTrangBi.java:UpgradeTrangBi.handle#4","Method:src/com/langla/lib/Utlis.java:Utlis.logError#3"
"proc_277_ghepcaitrang","GhepCaiTrang → SendMessage","GhepCaiTrang → SendMessage","cross_community",3,"['comm_28','comm_43','comm_23']","Method:src/com/langla/real/player/Char.java:Char.ghepCaiTrang#1","Method:src/com/langla/real/player/Session.java:Session.sendMessage#1"
"proc_278_ghepcaitrang","GhepCaiTrang → LogError","GhepCaiTrang → LogError","cross_community",3,"['comm_28','comm_43','comm_23']","Method:src/com/langla/real/player/Char.java:Char.ghepCaiTrang#1","Method:src/com/langla/lib/Utlis.java:Utlis.logError#3"
"proc_279_ghepcaitrang","GhepCaiTrang → Split","GhepCaiTrang → Split","intra_community",3,"['comm_28']","Method:src/com/langla/real/player/Char.java:Char.ghepCaiTrang#1","Method:src/com/langla/lib/Utlis.java:Utlis.split#2"
"proc_280_buyshop","BuyShop → SendMessage","BuyShop → SendMessage","cross_community",3,"['comm_43','comm_23']","Method:src/com/langla/real/player/Char.java:Char.BuyShop#2","Method:src/com/langla/real/player/Session.java:Session.sendMessage#1"
"proc_281_buyshop","BuyShop → LogError","BuyShop → LogError","cross_community",3,"['comm_43','comm_23']","Method:src/com/langla/real/player/Char.java:Char.BuyShop#2","Method:src/com/langla/lib/Utlis.java:Utlis.logError#3"
"proc_282_khamngoc","KhamNgoc → GetItemBagByIndex","KhamNgoc → GetItemBagByIndex","intra_community",3,"['comm_28']","Method:src/com/langla/real/player/Char.java:Char.khamNgoc#3","Method:src/com/langla/real/player/Char.java:Char.getItemBagByIndex#1"
"proc_283_khamngoc","KhamNgoc → GetItemBodyByIndex","KhamNgoc → GetItemBodyByIndex","intra_community",3,"['comm_28']","Method:src/com/langla/real/player/Char.java:Char.khamNgoc#3","Method:src/com/langla/real/player/Char.java:Char.getItemBodyByIndex#1"
"proc_284_khamngoc","KhamNgoc → GetItemBody2ByIndex","KhamNgoc → GetItemBody2ByIndex","intra_community",3,"['comm_28']","Method:src/com/langla/real/player/Char.java:Char.khamNgoc#3","Method:src/com/langla/real/player/Char.java:Char.getItemBody2ByIndex#1"
"proc_285_khamngoc","KhamNgoc → SendMessage","KhamNgoc → SendMessage","cross_community",3,"['comm_28','comm_43','comm_23']","Method:src/com/langla/real/player/Char.java:Char.khamNgoc#3","Method:src/com/langla/real/player/Session.java:Session.sendMessage#1"
"proc_286_khamngoc","KhamNgoc → LogError","KhamNgoc → LogError","cross_community",3,"['comm_28','comm_43','comm_23']","Method:src/com/langla/real/player/Char.java:Char.khamNgoc#3","Method:src/com/langla/lib/Utlis.java:Utlis.logError#3"
"proc_287_attackmob","AttackMob → Writer","AttackMob → Writer","intra_community",3,"['comm_165']","Method:src/com/langla/real/map/Map.java:Zone.attackMob#3","Constructor:src/com/langla/server/lib/Writer.java:Writer.Writer#0"
"proc_288_attackmob","AttackMob → WriteInt","AttackMob → WriteInt","cross_community",3,"['comm_165','comm_63']","Method:src/com/langla/real/map/Map.java:Zone.attackMob#3","Method:src/com/langla/server/lib/Writer.java:Writer.writeInt#1"
"proc_289_doibuano","DoiBuaNo → GetItemBagByIndex","DoiBuaNo → GetItemBagByIndex","cross_community",3,"['comm_43','comm_28']","Method:src/com/langla/real/trangbi/UpgradeTrangBi.java:UpgradeTrangBi.DoiBuaNo#3","Method:src/com/langla/real/player/Char.java:Char.getItemBagByIndex#1"
"proc_290_doibuano","DoiBuaNo → GetItemBodyByIndex","DoiBuaNo → GetItemBodyByIndex","cross_community",3,"['comm_43','comm_28']","Method:src/com/langla/real/trangbi/UpgradeTrangBi.java:UpgradeTrangBi.DoiBuaNo#3","Method:src/com/langla/real/player/Char.java:Char.getItemBodyByIndex#1"
"proc_291_doibuano","DoiBuaNo → GetItemBody2ByIndex","DoiBuaNo → GetItemBody2ByIndex","cross_community",3,"['comm_43','comm_28']","Method:src/com/langla/real/trangbi/UpgradeTrangBi.java:UpgradeTrangBi.DoiBuaNo#3","Method:src/com/langla/real/player/Char.java:Char.getItemBody2ByIndex#1"
"proc_292_doibuano","DoiBuaNo → SendMessage","DoiBuaNo → SendMessage","cross_community",3,"['comm_43','comm_23']","Method:src/com/langla/real/trangbi/UpgradeTrangBi.java:UpgradeTrangBi.DoiBuaNo#3","Method:src/com/langla/real/player/Session.java:Session.sendMessage#1"
"proc_293_doibuano","DoiBuaNo → LogError","DoiBuaNo → LogError","cross_community",3,"['comm_43','comm_23']","Method:src/com/langla/real/trangbi/UpgradeTrangBi.java:UpgradeTrangBi.DoiBuaNo#3","Method:src/com/langla/lib/Utlis.java:Utlis.logError#3"
"proc_294_doibuano","DoiBuaNo → Split","DoiBuaNo → Split","cross_community",3,"['comm_43','comm_28']","Method:src/com/langla/real/trangbi/UpgradeTrangBi.java:UpgradeTrangBi.DoiBuaNo#3","Method:src/com/langla/lib/Utlis.java:Utlis.split#2"
"proc_295_writeme","WriteMe → WriteByte","WriteMe → WriteByte","intra_community",3,"['comm_63']","Method:src/com/langla/real/player/Char.java:Char.writeMe#1","Method:src/com/langla/server/lib/Writer.java:Writer.writeByte#1"
"proc_296_confirmtachcaitrang","ConfirmTachCaiTrang → GetItemBagByIndex","ConfirmTachCaiTrang → GetItemBagByIndex","cross_community",3,"['comm_43','comm_28']","Method:src/com/langla/real/player/Char.java:Char.confirmTachCaiTrang#2","Method:src/com/langla/real/player/Char.java:Char.getItemBagByIndex#1"
"proc_297_confirmtachcaitrang","ConfirmTachCaiTrang → GetItemBodyByIndex","ConfirmTachCaiTrang → GetItemBodyByIndex","cross_community",3,"['comm_43','comm_28']","Method:src/com/langla/real/player/Char.java:Char.confirmTachCaiTrang#2","Method:src/com/langla/real/player/Char.java:Char.getItemBodyByIndex#1"
"proc_298_confirmtachcaitrang","ConfirmTachCaiTrang → GetItemBody2ByIndex","ConfirmTachCaiTrang → GetItemBody2ByIndex","cross_community",3,"['comm_43','comm_28']","Method:src/com/langla/real/player/Char.java:Char.confirmTachCaiTrang#2","Method:src/com/langla/real/player/Char.java:Char.getItemBody2ByIndex#1"
"proc_299_confirmtachcaitrang","ConfirmTachCaiTrang → SendMessage","ConfirmTachCaiTrang → SendMessage","cross_community",3,"['comm_43','comm_23']","Method:src/com/langla/real/player/Char.java:Char.confirmTachCaiTrang#2","Method:src/com/langla/real/player/Session.java:Session.sendMessage#1"
